[
  {
    "studentId": "SVPSAS230001",
    "studentFirstName": "Ayush",
    "studentMiddleLastName": "Saha",
    "studentDateOfBirth": "2001-10-05",
    "studentReligion": "Hindiusm",
    "studentCaste": "General",
    "studentBloodGroup": "B+",
    "studentSex": "Male",
    "studentEmail": "ayushsaha45@duck.com",
    "fatherFullName": "Deepak Kumar Saha",
    "motherFullName": "Meghalika Saha",
    "addressStreet": "P.O. UTTAR ANDARAN FULBARI P.S. TUFANGANJ DIST. COOCHBEHAR",
    "addressCity": "Tufanganj",
    "addressState": "West Bengal",
    "addressZipCode": "736160",
    "dateOfAdmission": "2023-01-22",
    "classEnrolled": "5",
    "sectionAssigned": "A",
    "guardianFullName": "Deepak Kumar Saha",
    "guardianEmail": "kumar.deepak868@gmail.com",
    "guardianPhone": "6296268026",
    "guardianWhatsApp": "6296268026",
    "previousSchoolName": "Creative Model Academy",
    "previousSchoolAddress": "Near Binapani Club, Tufanganj 736160"
  },
  {
    "studentId": "SVPSSS230002",
    "studentFirstName": "Sanchari",
    "studentMiddleLastName": "Saha",
    "studentDateOfBirth": "2001-10-05",
    "studentReligion": "Hindiusm",
    "studentCaste": "General",
    "studentBloodGroup": "AB+",
    "studentSex": "Female",
    "studentEmail": "ayushsaha45@duck.com",
    "fatherFullName": "Deepak Kumar Saha",
    "motherFullName": "Meghalika Saha",
    "addressStreet": "P.O. UTTAR ANDARAN FULBARI P.S. TUFANGANJ DIST. COOCHBEHAR",
    "addressCity": "Tufanganj",
    "addressState": "West Bengal",
    "addressZipCode": "736160",
    "dateOfAdmission": "2023-01-22",
    "classEnrolled": "1",
    "sectionAssigned": "A",
    "guardianFullName": "Deepak Kumar Saha",
    "guardianEmail": "kumar.deepak868@gmail.com",
    "guardianPhone": "6296268026",
    "guardianWhatsApp": "6296268026",
    "previousSchoolName": "Creative Model Academy",
    "previousSchoolAddress": "Near Binapani Club, Tufanganj 736160"
  },
  {
    "studentId": "SVPSPR230003",
    "studentFirstName": "Prithish",
    "studentMiddleLastName": "Roy",
    "studentDateOfBirth": "2001-10-05",
    "studentReligion": "Hindiusm",
    "studentCaste": "General",
    "studentBloodGroup": "AB+",
    "studentSex": "Male",
    "studentEmail": "ayushsaha45@duck.com",
    "fatherFullName": "Deepak Kumar Saha",
    "motherFullName": "Meghalika Saha",
    "addressStreet": "P.O. UTTAR ANDARAN FULBARI P.S. TUFANGANJ DIST. COOCHBEHAR",
    "addressCity": "Tufanganj",
    "addressState": "West Bengal",
    "addressZipCode": "736160",
    "dateOfAdmission": "2023-01-22",
    "classEnrolled": "1",
    "sectionAssigned": "A",
    "guardianFullName": "Deepak Kumar Saha",
    "guardianEmail": "kumar.deepak868@gmail.com",
    "guardianPhone": "6296268026",
    "guardianWhatsApp": "6296268026",
    "previousSchoolName": "Creative Model Academy",
    "previousSchoolAddress": "Near Binapani Club, Tufanganj 736160"
  },
  {
    "studentId": "SVPSLD230004",
    "studentFirstName": "Lavena",
    "studentMiddleLastName": "Das",
    "studentDateOfBirth": "2001-10-05",
    "studentReligion": "Hindiusm",
    "studentCaste": "General",
    "studentBloodGroup": "AB+",
    "studentSex": "Female",
    "studentEmail": "ayushsaha45@duck.com",
    "fatherFullName": "Deepak Kumar Saha",
    "motherFullName": "Meghalika Saha",
    "addressStreet": "P.O. UTTAR ANDARAN FULBARI P.S. TUFANGANJ DIST. COOCHBEHAR",
    "addressCity": "Tufanganj",
    "addressState": "West Bengal",
    "addressZipCode": "736160",
    "dateOfAdmission": "2023-01-22",
    "classEnrolled": "2",
    "sectionAssigned": "A",
    "guardianFullName": "Deepak Kumar Saha",
    "guardianEmail": "kumar.deepak868@gmail.com",
    "guardianPhone": "6296268026",
    "guardianWhatsApp": "6296268026",
    "previousSchoolName": "Creative Model Academy",
    "previousSchoolAddress": "Near Binapani Club, Tufanganj 736160"
  },
  {
    "studentId": "SVPSAD230005",
    "studentFirstName": "Ankon",
    "studentMiddleLastName": "Dey",
    "studentDateOfBirth": "2001-10-05",
    "studentReligion": "Hindiusm",
    "studentCaste": "General",
    "studentBloodGroup": "AB+",
    "studentSex": "Male",
    "studentEmail": "ayushsaha45@duck.com",
    "fatherFullName": "Deepak Kumar Saha",
    "motherFullName": "Meghalika Saha",
    "addressStreet": "P.O. UTTAR ANDARAN FULBARI P.S. TUFANGANJ DIST. COOCHBEHAR",
    "addressCity": "Tufanganj",
    "addressState": "West Bengal",
    "addressZipCode": "736160",
    "dateOfAdmission": "2023-01-22",
    "classEnrolled": "2",
    "sectionAssigned": "A",
    "guardianFullName": "Deepak Kumar Saha",
    "guardianEmail": "kumar.deepak868@gmail.com",
    "guardianPhone": "6296268026",
    "guardianWhatsApp": "6296268026",
    "previousSchoolName": "Creative Model Academy",
    "previousSchoolAddress": "Near Binapani Club, Tufanganj 736160"
  },
  {
    "studentId": "SVPSSS230006",
    "studentFirstName": "Somnath",
    "studentMiddleLastName": "Sarkar",
    "studentDateOfBirth": "2001-10-05",
    "studentReligion": "Hindiusm",
    "studentCaste": "General",
    "studentBloodGroup": "AB+",
    "studentSex": "Male",
    "studentEmail": "ayushsaha45@duck.com",
    "fatherFullName": "Deepak Kumar Saha",
    "motherFullName": "Meghalika Saha",
    "addressStreet": "P.O. UTTAR ANDARAN FULBARI P.S. TUFANGANJ DIST. COOCHBEHAR",
    "addressCity": "Tufanganj",
    "addressState": "West Bengal",
    "addressZipCode": "736160",
    "dateOfAdmission": "2023-01-22",
    "classEnrolled": "2",
    "sectionAssigned": "A",
    "guardianFullName": "Deepak Kumar Saha",
    "guardianEmail": "kumar.deepak868@gmail.com",
    "guardianPhone": "6296268026",
    "guardianWhatsApp": "6296268026",
    "previousSchoolName": "Creative Model Academy",
    "previousSchoolAddress": "Near Binapani Club, Tufanganj 736160"
  },
  {
    "studentId": "SVPSHS230007",
    "studentFirstName": "Hrit",
    "studentMiddleLastName": "Saha",
    "studentDateOfBirth": "2001-10-05",
    "studentReligion": "Hindiusm",
    "studentCaste": "General",
    "studentBloodGroup": "AB+",
    "studentSex": "Male",
    "studentEmail": "ayushsaha45@duck.com",
    "fatherFullName": "Deepak Kumar Saha",
    "motherFullName": "Meghalika Saha",
    "addressStreet": "P.O. UTTAR ANDARAN FULBARI P.S. TUFANGANJ DIST. COOCHBEHAR",
    "addressCity": "Tufanganj",
    "addressState": "West Bengal",
    "addressZipCode": "736160",
    "dateOfAdmission": "2023-01-22",
    "classEnrolled": "3",
    "sectionAssigned": "A",
    "guardianFullName": "Deepak Kumar Saha",
    "guardianEmail": "kumar.deepak868@gmail.com",
    "guardianPhone": "6296268026",
    "guardianWhatsApp": "6296268026",
    "previousSchoolName": "Creative Model Academy",
    "previousSchoolAddress": "Near Binapani Club, Tufanganj 736160"
  },
  {
    "studentId": "SVPSDD230008",
    "studentFirstName": "Dipjyoti",
    "studentMiddleLastName": "Das",
    "studentDateOfBirth": "2001-10-05",
    "studentReligion": "Hindiusm",
    "studentCaste": "General",
    "studentBloodGroup": "AB+",
    "studentSex": "Male",
    "studentEmail": "ayushsaha45@duck.com",
    "fatherFullName": "Deepak Kumar Saha",
    "motherFullName": "Meghalika Saha",
    "addressStreet": "P.O. UTTAR ANDARAN FULBARI P.S. TUFANGANJ DIST. COOCHBEHAR",
    "addressCity": "Tufanganj",
    "addressState": "West Bengal",
    "addressZipCode": "736160",
    "dateOfAdmission": "2023-01-22",
    "classEnrolled": "3",
    "sectionAssigned": "A",
    "guardianFullName": "Deepak Kumar Saha",
    "guardianEmail": "kumar.deepak868@gmail.com",
    "guardianPhone": "6296268026",
    "guardianWhatsApp": "6296268026",
    "previousSchoolName": "Creative Model Academy",
    "previousSchoolAddress": "Near Binapani Club, Tufanganj 736160"
  },
  {
    "studentId": "SVPSDD230009",
    "studentFirstName": "Debojyoti",
    "studentMiddleLastName": "Dhar",
    "studentDateOfBirth": "2001-10-05",
    "studentReligion": "Hindiusm",
    "studentCaste": "General",
    "studentBloodGroup": "AB+",
    "studentSex": "Male",
    "studentEmail": "ayushsaha45@duck.com",
    "fatherFullName": "Deepak Kumar Saha",
    "motherFullName": "Meghalika Saha",
    "addressStreet": "P.O. UTTAR ANDARAN FULBARI P.S. TUFANGANJ DIST. COOCHBEHAR",
    "addressCity": "Tufanganj",
    "addressState": "West Bengal",
    "addressZipCode": "736160",
    "dateOfAdmission": "2023-01-22",
    "classEnrolled": "5",
    "sectionAssigned": "A",
    "guardianFullName": "Deepak Kumar Saha",
    "guardianEmail": "kumar.deepak868@gmail.com",
    "guardianPhone": "6296268026",
    "guardianWhatsApp": "6296268026",
    "previousSchoolName": "Creative Model Academy",
    "previousSchoolAddress": "Near Binapani Club, Tufanganj 736160"
  },
  {
    "studentId": "SVPSPC230010",
    "studentFirstName": "Priyal",
    "studentMiddleLastName": "Choraria",
    "studentDateOfBirth": "2001-10-05",
    "studentReligion": "Hindiusm",
    "studentCaste": "General",
    "studentBloodGroup": "AB+",
    "studentSex": "Female",
    "studentEmail": "ayushsaha45@duck.com",
    "fatherFullName": "Deepak Kumar Saha",
    "motherFullName": "Meghalika Saha",
    "addressStreet": "P.O. UTTAR ANDARAN FULBARI P.S. TUFANGANJ DIST. COOCHBEHAR",
    "addressCity": "Tufanganj",
    "addressState": "West Bengal",
    "addressZipCode": "736160",
    "dateOfAdmission": "2023-01-22",
    "classEnrolled": "4",
    "sectionAssigned": "A",
    "guardianFullName": "Deepak Kumar Saha",
    "guardianEmail": "kumar.deepak868@gmail.com",
    "guardianPhone": "6296268026",
    "guardianWhatsApp": "6296268026",
    "previousSchoolName": "Creative Model Academy",
    "previousSchoolAddress": "Near Binapani Club, Tufanganj 736160"
  },
  {
    "studentId": "SVPSUB230011",
    "studentFirstName": "Urvashi",
    "studentMiddleLastName": "Bothra",
    "studentDateOfBirth": "2001-10-05",
    "studentReligion": "Hindiusm",
    "studentCaste": "General",
    "studentBloodGroup": "AB+",
    "studentSex": "Female",
    "studentEmail": "ayushsaha45@duck.com",
    "fatherFullName": "Deepak Kumar Saha",
    "motherFullName": "Meghalika Saha",
    "addressStreet": "P.O. UTTAR ANDARAN FULBARI P.S. TUFANGANJ DIST. COOCHBEHAR",
    "addressCity": "Tufanganj",
    "addressState": "West Bengal",
    "addressZipCode": "736160",
    "dateOfAdmission": "2023-01-22",
    "classEnrolled": "4",
    "sectionAssigned": "A",
    "guardianFullName": "Deepak Kumar Saha",
    "guardianEmail": "kumar.deepak868@gmail.com",
    "guardianPhone": "6296268026",
    "guardianWhatsApp": "6296268026",
    "previousSchoolName": "Creative Model Academy",
    "previousSchoolAddress": "Near Binapani Club, Tufanganj 736160"
  },
  {
    "studentId": "SVPSDV230012",
    "studentFirstName": "Deepak",
    "studentMiddleLastName": "Verma",
    "studentDateOfBirth": "2001-10-05",
    "studentReligion": "Hindiusm",
    "studentCaste": "General",
    "studentBloodGroup": "AB+",
    "studentSex": "Male",
    "studentEmail": "ayushsaha45@duck.com",
    "fatherFullName": "Deepak Kumar Saha",
    "motherFullName": "Meghalika Saha",
    "addressStreet": "P.O. UTTAR ANDARAN FULBARI P.S. TUFANGANJ DIST. COOCHBEHAR",
    "addressCity": "Tufanganj",
    "addressState": "West Bengal",
    "addressZipCode": "736160",
    "dateOfAdmission": "2023-01-22",
    "classEnrolled": "4",
    "sectionAssigned": "A",
    "guardianFullName": "Deepak Kumar Saha",
    "guardianEmail": "kumar.deepak868@gmail.com",
    "guardianPhone": "6296268026",
    "guardianWhatsApp": "6296268026",
    "previousSchoolName": "Creative Model Academy",
    "previousSchoolAddress": "Near Binapani Club, Tufanganj 736160"
  },
  {
    "studentId": "SVPSAB230013",
    "studentFirstName": "Abhishek",
    "studentMiddleLastName": "Banarjee",
    "studentDateOfBirth": "2001-10-05",
    "studentReligion": "Hindiusm",
    "studentCaste": "General",
    "studentBloodGroup": "AB+",
    "studentSex": "Male",
    "studentEmail": "ayushsaha45@duck.com",
    "fatherFullName": "Deepak Kumar Banarjee",
    "motherFullName": "Meghalika Saha",
    "addressStreet": "P.O. UTTAR ANDARAN FULBARI P.S. TUFANGANJ DIST. COOCHBEHAR",
    "addressCity": "Tufanganj",
    "addressState": "West Bengal",
    "addressZipCode": "736160",
    "dateOfAdmission": "2023-01-22",
    "classEnrolled": "4",
    "sectionAssigned": "A",
    "guardianFullName": "Deepak Kumar Saha",
    "guardianEmail": "kumar.deepak868@gmail.com",
    "guardianPhone": "6296268026",
    "guardianWhatsApp": "6296268026",
    "previousSchoolName": "Creative Model Academy",
    "previousSchoolAddress": "Near Binapani Club, Tufanganj 736160"
  }
]
